{
  "experiment": "exp0_resnet50_no_aug",
  "accuracy": 0.7934131736526946,
  "macro_f1": 0.6670505940831779,
  "macro_precision": 0.6367344742716589,
  "macro_recall": 0.7139024087501838,
  "mel_recall": 0.6846846846846847,
  "mel_f1": 0.5868725868725869,
  "mean_auc": 0.9537794944776318,
  "per_class_auc": {
    "akiec": 0.9677580761172093,
    "bcc": 0.9584957011195646,
    "bkl": 0.9315939665715451,
    "df": 0.9595117845117844,
    "mel": 0.9230948119837009,
    "nv": 0.9410628497845573,
    "vasc": 0.9949392712550608
  },
  "per_class_f1": {
    "akiec": 0.6349206349206349,
    "bcc": 0.6476190476190476,
    "bkl": 0.6347826086956522,
    "df": 0.5,
    "mel": 0.5868725868725869,
    "nv": 0.8909657320872274,
    "vasc": 0.7741935483870968
  },
  "per_class_recall": {
    "akiec": 0.6060606060606061,
    "bcc": 0.6666666666666666,
    "bkl": 0.6636363636363637,
    "df": 0.6666666666666666,
    "mel": 0.6846846846846847,
    "nv": 0.8524590163934426,
    "vasc": 0.8571428571428571
  },
  "per_class_precision": {
    "akiec": 0.6666666666666666,
    "bcc": 0.6296296296296297,
    "bkl": 0.6083333333333333,
    "df": 0.4,
    "mel": 0.5135135135135135,
    "nv": 0.933115823817292,
    "vasc": 0.7058823529411765
  }
}