{
  "experiment": "exp1_resnet50_basic_aug",
  "accuracy": 0.7714570858283433,
  "macro_f1": 0.6886658073584356,
  "macro_precision": 0.6754737076667381,
  "macro_recall": 0.7397220385717425,
  "mel_recall": 0.8018018018018018,
  "mel_f1": 0.5913621262458472,
  "mean_auc": 0.9545160932548932,
  "per_class_auc": {
    "akiec": 0.9612221284047909,
    "bcc": 0.9763303849405167,
    "bkl": 0.9223196086424786,
    "df": 0.9796296296296296,
    "mel": 0.913742024853136,
    "nv": 0.9478165339192529,
    "vasc": 0.9805523423944476
  },
  "per_class_f1": {
    "akiec": 0.6779661016949152,
    "bcc": 0.6521739130434783,
    "bkl": 0.6236559139784946,
    "df": 0.5806451612903226,
    "mel": 0.5913621262458472,
    "nv": 0.8672712283594394,
    "vasc": 0.8275862068965517
  },
  "per_class_recall": {
    "akiec": 0.6060606060606061,
    "bcc": 0.5882352941176471,
    "bkl": 0.7909090909090909,
    "df": 0.75,
    "mel": 0.8018018018018018,
    "nv": 0.7839046199701938,
    "vasc": 0.8571428571428571
  },
  "per_class_precision": {
    "akiec": 0.7692307692307693,
    "bcc": 0.7317073170731707,
    "bkl": 0.514792899408284,
    "df": 0.47368421052631576,
    "mel": 0.46842105263157896,
    "nv": 0.9704797047970479,
    "vasc": 0.8
  }
}