{
  "experiment": "exp2_resnet50_mixup_cutmix",
  "accuracy": 0.8313373253493014,
  "macro_f1": 0.6936744668563353,
  "macro_precision": 0.7700196778720693,
  "macro_recall": 0.6464772480063843,
  "mel_recall": 0.4774774774774775,
  "mel_f1": 0.5520833333333334,
  "mean_auc": 0.9634528551366629,
  "per_class_auc": {
    "akiec": 0.9774525440160114,
    "bcc": 0.976495329993196,
    "bkl": 0.9465654300856094,
    "df": 0.9792929292929293,
    "mel": 0.92010192010192,
    "nv": 0.9525035907087316,
    "vasc": 0.9917582417582418
  },
  "per_class_f1": {
    "akiec": 0.6296296296296297,
    "bcc": 0.6428571428571429,
    "bkl": 0.6967213114754098,
    "df": 0.5714285714285714,
    "mel": 0.5520833333333334,
    "nv": 0.9168474331164136,
    "vasc": 0.8461538461538461
  },
  "per_class_recall": {
    "akiec": 0.5151515151515151,
    "bcc": 0.5294117647058824,
    "bkl": 0.7727272727272727,
    "df": 0.5,
    "mel": 0.4774774774774775,
    "nv": 0.9448584202682563,
    "vasc": 0.7857142857142857
  },
  "per_class_precision": {
    "akiec": 0.8095238095238095,
    "bcc": 0.8181818181818182,
    "bkl": 0.6343283582089553,
    "df": 0.6666666666666666,
    "mel": 0.654320987654321,
    "nv": 0.8904494382022472,
    "vasc": 0.9166666666666666
  }
}