{
  "experiment": "exp4b_efficientnetb0_mixup_cutmix",
  "accuracy": 0.7694610778443114,
  "macro_f1": 0.5154537812338102,
  "macro_precision": 0.7333232957744656,
  "macro_recall": 0.47507242877817335,
  "mel_recall": 0.2972972972972973,
  "mel_f1": 0.3687150837988827,
  "mean_auc": 0.9354288737099099,
  "per_class_auc": {
    "akiec": 0.9477124183006537,
    "bcc": 0.9708665800705141,
    "bkl": 0.9030472890338361,
    "df": 0.9330808080808081,
    "mel": 0.8700316478094257,
    "nv": 0.9261552176712395,
    "vasc": 0.9971081550028918
  },
  "per_class_f1": {
    "akiec": 0.3333333333333333,
    "bcc": 0.5813953488372093,
    "bkl": 0.5584905660377358,
    "df": 0.15384615384615385,
    "mel": 0.3687150837988827,
    "nv": 0.8923959827833573,
    "vasc": 0.72
  },
  "per_class_recall": {
    "akiec": 0.21212121212121213,
    "bcc": 0.49019607843137253,
    "bkl": 0.6727272727272727,
    "df": 0.08333333333333333,
    "mel": 0.2972972972972973,
    "nv": 0.9269746646795827,
    "vasc": 0.6428571428571429
  },
  "per_class_precision": {
    "akiec": 0.7777777777777778,
    "bcc": 0.7142857142857143,
    "bkl": 0.4774193548387097,
    "df": 1.0,
    "mel": 0.4852941176470588,
    "nv": 0.8603042876901799,
    "vasc": 0.8181818181818182
  }
}