{
  "experiment": "exp4a_v2_efficientnetb0_basic_aug",
  "accuracy": 0.6616766467065869,
  "macro_f1": 0.5622177846752441,
  "macro_precision": 0.5651453573164803,
  "macro_recall": 0.6264031435267142,
  "mel_recall": 0.6396396396396397,
  "mel_f1": 0.39335180055401664,
  "mean_auc": 0.9269978493691143,
  "per_class_auc": {
    "akiec": 0.9597210495043313,
    "bcc": 0.9607636955939053,
    "bkl": 0.8861190379127599,
    "df": 0.951936026936027,
    "mel": 0.8293950516172739,
    "nv": 0.9084965848870559,
    "vasc": 0.9925534991324465
  },
  "per_class_f1": {
    "akiec": 0.4727272727272727,
    "bcc": 0.5476190476190477,
    "bkl": 0.5428571428571428,
    "df": 0.43243243243243246,
    "mel": 0.39335180055401664,
    "nv": 0.7965367965367965,
    "vasc": 0.75
  },
  "per_class_recall": {
    "akiec": 0.3939393939393939,
    "bcc": 0.45098039215686275,
    "bkl": 0.6909090909090909,
    "df": 0.6666666666666666,
    "mel": 0.6396396396396397,
    "nv": 0.6855439642324889,
    "vasc": 0.8571428571428571
  },
  "per_class_precision": {
    "akiec": 0.5909090909090909,
    "bcc": 0.696969696969697,
    "bkl": 0.4470588235294118,
    "df": 0.32,
    "mel": 0.284,
    "nv": 0.9504132231404959,
    "vasc": 0.6666666666666666
  }
}