{
  "experiment": "exp4a_efficientnetb0_basic_aug",
  "accuracy": 0.6127744510978044,
  "macro_f1": 0.511258398985887,
  "macro_precision": 0.49426606312659216,
  "macro_recall": 0.6127842323943716,
  "mel_recall": 0.5135135135135135,
  "mel_f1": 0.3944636678200692,
  "mean_auc": 0.9145143139413081,
  "per_class_auc": {
    "akiec": 0.9513400256434312,
    "bcc": 0.9591142450671121,
    "bkl": 0.8579596412556055,
    "df": 0.927946127946128,
    "mel": 0.8121353676909233,
    "nv": 0.9001175141039437,
    "vasc": 0.9929872758820127
  },
  "per_class_f1": {
    "akiec": 0.5,
    "bcc": 0.5979381443298969,
    "bkl": 0.4533333333333333,
    "df": 0.2916666666666667,
    "mel": 0.3944636678200692,
    "nv": 0.7468123861566485,
    "vasc": 0.5945945945945946
  },
  "per_class_recall": {
    "akiec": 0.45454545454545453,
    "bcc": 0.5686274509803921,
    "bkl": 0.7727272727272727,
    "df": 0.5833333333333334,
    "mel": 0.5135135135135135,
    "nv": 0.6110283159463488,
    "vasc": 0.7857142857142857
  },
  "per_class_precision": {
    "akiec": 0.5555555555555556,
    "bcc": 0.6304347826086957,
    "bkl": 0.32075471698113206,
    "df": 0.19444444444444445,
    "mel": 0.3202247191011236,
    "nv": 0.9601873536299765,
    "vasc": 0.4782608695652174
  }
}