{
  "experiment": "exp4b_v2_efficientnetb0_mixup_cutmix",
  "accuracy": 0.779441117764471,
  "macro_f1": 0.5733504292506995,
  "macro_precision": 0.7431053337574808,
  "macro_recall": 0.5279302884000501,
  "mel_recall": 0.3963963963963964,
  "mel_f1": 0.44221105527638194,
  "mean_auc": 0.9405633092814946,
  "per_class_auc": {
    "akiec": 0.9630359320761798,
    "bcc": 0.9642275417001711,
    "bkl": 0.8944965348552792,
    "df": 0.9735690235690236,
    "mel": 0.8672814228369784,
    "nv": 0.9227063363064552,
    "vasc": 0.9986263736263736
  },
  "per_class_f1": {
    "akiec": 0.3181818181818182,
    "bcc": 0.5135135135135135,
    "bkl": 0.5882352941176471,
    "df": 0.4,
    "mel": 0.44221105527638194,
    "nv": 0.8941684665226782,
    "vasc": 0.8571428571428571
  },
  "per_class_recall": {
    "akiec": 0.21212121212121213,
    "bcc": 0.37254901960784315,
    "bkl": 0.6818181818181818,
    "df": 0.25,
    "mel": 0.3963963963963964,
    "nv": 0.9254843517138599,
    "vasc": 0.8571428571428571
  },
  "per_class_precision": {
    "akiec": 0.6363636363636364,
    "bcc": 0.8260869565217391,
    "bkl": 0.5172413793103449,
    "df": 1.0,
    "mel": 0.5,
    "nv": 0.8649025069637883,
    "vasc": 0.8571428571428571
  }
}