{
  "experiment": "exp5b_v2_mobilenetv2_mixup_cutmix",
  "accuracy": 0.7594810379241517,
  "macro_f1": 0.4582237165147433,
  "macro_precision": 0.5684651121296012,
  "macro_recall": 0.427323118396269,
  "mel_recall": 0.14414414414414414,
  "mel_f1": 0.21476510067114093,
  "mean_auc": 0.9302864053126993,
  "per_class_auc": {
    "akiec": 0.9471182412358883,
    "bcc": 0.9747634069400631,
    "bkl": 0.88819812474521,
    "df": 0.9606902356902356,
    "mel": 0.8397387286276176,
    "nv": 0.9114006690649751,
    "vasc": 0.9900954308849046
  },
  "per_class_f1": {
    "akiec": 0.25,
    "bcc": 0.6363636363636364,
    "bkl": 0.5357142857142857,
    "df": 0.0,
    "mel": 0.21476510067114093,
    "nv": 0.8784153005464481,
    "vasc": 0.6923076923076923
  },
  "per_class_recall": {
    "akiec": 0.15151515151515152,
    "bcc": 0.5490196078431373,
    "bkl": 0.5454545454545454,
    "df": 0.0,
    "mel": 0.14414414414414414,
    "nv": 0.9582712369597616,
    "vasc": 0.6428571428571429
  },
  "per_class_precision": {
    "akiec": 0.7142857142857143,
    "bcc": 0.7567567567567568,
    "bkl": 0.5263157894736842,
    "df": 0.0,
    "mel": 0.42105263157894735,
    "nv": 0.8108448928121059,
    "vasc": 0.75
  }
}