{
  "experiment": "exp5b_mobilenetv2_mixup_cutmix",
  "accuracy": 0.782435129740519,
  "macro_f1": 0.5084258204982816,
  "macro_precision": 0.6270814440202195,
  "macro_recall": 0.47240192649339907,
  "mel_recall": 0.3333333333333333,
  "mel_f1": 0.3978494623655914,
  "mean_auc": 0.9404327039444322,
  "per_class_auc": {
    "akiec": 0.9558745348219031,
    "bcc": 0.963732706542133,
    "bkl": 0.9263045250713413,
    "df": 0.93510101010101,
    "mel": 0.8739952073285407,
    "nv": 0.9338769298652415,
    "vasc": 0.994144013880856
  },
  "per_class_f1": {
    "akiec": 0.23255813953488372,
    "bcc": 0.5454545454545454,
    "bkl": 0.6198347107438017,
    "df": 0.14285714285714285,
    "mel": 0.3978494623655914,
    "nv": 0.9004267425320057,
    "vasc": 0.72
  },
  "per_class_recall": {
    "akiec": 0.15151515151515152,
    "bcc": 0.47058823529411764,
    "bkl": 0.6818181818181818,
    "df": 0.08333333333333333,
    "mel": 0.3333333333333333,
    "nv": 0.9433681073025335,
    "vasc": 0.6428571428571429
  },
  "per_class_precision": {
    "akiec": 0.5,
    "bcc": 0.6486486486486487,
    "bkl": 0.5681818181818182,
    "df": 0.5,
    "mel": 0.49333333333333335,
    "nv": 0.8612244897959184,
    "vasc": 0.8181818181818182
  }
}