{
  "experiment": "exp5a_mobilenetv2_basic_aug",
  "accuracy": 0.6506986027944112,
  "macro_f1": 0.45949740514221415,
  "macro_precision": 0.4396273661348615,
  "macro_recall": 0.5632495798496625,
  "mel_recall": 0.4144144144144144,
  "mel_f1": 0.3786008230452675,
  "mean_auc": 0.9000249065927497,
  "per_class_auc": {
    "akiec": 0.93392125590268,
    "bcc": 0.9590936269355271,
    "bkl": 0.8339788014675907,
    "df": 0.9091750841750841,
    "mel": 0.8007704674371342,
    "nv": 0.8906353415788312,
    "vasc": 0.9725997686524002
  },
  "per_class_f1": {
    "akiec": 0.375,
    "bcc": 0.5773195876288659,
    "bkl": 0.4230769230769231,
    "df": 0.18181818181818182,
    "mel": 0.3786008230452675,
    "nv": 0.815550041356493,
    "vasc": 0.46511627906976744
  },
  "per_class_recall": {
    "akiec": 0.36363636363636365,
    "bcc": 0.5490196078431373,
    "bkl": 0.5,
    "df": 0.6666666666666666,
    "mel": 0.4144144144144144,
    "nv": 0.7347242921013413,
    "vasc": 0.7142857142857143
  },
  "per_class_precision": {
    "akiec": 0.3870967741935484,
    "bcc": 0.6086956521739131,
    "bkl": 0.36666666666666664,
    "df": 0.10526315789473684,
    "mel": 0.3484848484848485,
    "nv": 0.9163568773234201,
    "vasc": 0.3448275862068966
  }
}