{
  "experiment": "exp5a_v2_mobilenetv2_basic_aug",
  "accuracy": 0.6916167664670658,
  "macro_f1": 0.5404691552118325,
  "macro_precision": 0.5190749605812803,
  "macro_recall": 0.6130644669355235,
  "mel_recall": 0.5585585585585585,
  "mel_f1": 0.4542124542124542,
  "mean_auc": 0.9176395961597889,
  "per_class_auc": {
    "akiec": 0.9420208274697439,
    "bcc": 0.9740211542030062,
    "bkl": 0.8574806359559722,
    "df": 0.9517676767676767,
    "mel": 0.8249057137946026,
    "nv": 0.907983304892819,
    "vasc": 0.9652978600347021
  },
  "per_class_f1": {
    "akiec": 0.5245901639344263,
    "bcc": 0.5934065934065934,
    "bkl": 0.49504950495049505,
    "df": 0.42424242424242425,
    "mel": 0.4542124542124542,
    "nv": 0.8266666666666667,
    "vasc": 0.46511627906976744
  },
  "per_class_recall": {
    "akiec": 0.48484848484848486,
    "bcc": 0.5294117647058824,
    "bkl": 0.6818181818181818,
    "df": 0.5833333333333334,
    "mel": 0.5585585585585585,
    "nv": 0.7391952309985097,
    "vasc": 0.7142857142857143
  },
  "per_class_precision": {
    "akiec": 0.5714285714285714,
    "bcc": 0.675,
    "bkl": 0.38860103626943004,
    "df": 0.3333333333333333,
    "mel": 0.38271604938271603,
    "nv": 0.9376181474480151,
    "vasc": 0.3448275862068966
  }
}